id,code,origin,redeemed_at
1,DWEHSP,YouTube,2024-01-10 17:07:01+00:00
2,QGKTBC,Discord,2024-02-13 05:40:50+00:00
3,YRLUJA,X,2024-02-24 04:35:15+00:00
4,ZXCVBN,,2024-03-27 16:28:29+00:00
5,POIUYT,YouTube,2024-04-16 19:27:32+00:00
6,LKJHGF,Discord,2024-09-05 07:53:23+00:00
7,MNBVCX,,2024-10-13 00:24:33+00:00
8,ASDFGH,X,2024-10-14 23:45:05+00:00
9,QAHFTR,Reddit,2025-09-02 09:50:47+00:00
10,KAFNAF,Discord,
11,KLHWTE,Instagram,2025-03-15 20:04:17+00:00
12,EYICCW,Reddit,2025-07-28 00:03:59+00:00
13,BLDXCH,Discord,
14,WPSBFH,TikTok,
15,WJLVEJ,Discord,2025-04-22 00:42:19+00:00
16,YQPESE,Instagram,2025-03-13 18:51:50+00:00
17,YRFITB,TikTok,
18,KBXOSF,Instagram,2025-02-26 11:45:38+00:00
19,XLGGOG,Reddit,2025-01-26 09:03:39+00:00
20,PJZDMT,TikTok,2025-08-12 17:18:33+00:00
21,ERPKPM,X,
22,WASRNG,Discord,2025-01-12 05:38:28+00:00
23,HEASSZ,YouTube,2025-06-25 17:22:32+00:00
24,CQVNFJ,YouTube,2025-04-04 10:06:59+00:00
25,UNAIAY,X,2024-12-10 19:07:06+00:00
26,GOCTVZ,Reddit,
27,DMOGWL,YouTube,
28,TRSKRJ,Reddit,2024-11-06 20:04:40+00:00
29,GBAOPA,Discord,
30,FXWBGR,YouTube,2025-01-29 09:56:08+00:00
31,SWOGMK,TikTok,2024-10-29 08:41:20+00:00
32,LLMSRZ,TikTok,2025-04-19 05:04:46+00:00
33,SUCEND,YouTube,2025-01-12 00:04:47+00:00
34,GYLWOB,Reddit,
35,ZYWEMF,Instagram,
36,EAKYUH,Discord,
37,ZOSEHZ,Reddit,
38,BIBMXN,TikTok,
39,CEPRGD,Reddit,2024-12-31 07:26:59+00:00
40,PQKPNY,YouTube,
41,IGDQLY,TikTok,2025-05-05 17:49:35+00:00
42,QOCNND,X,
43,WJEVSP,Discord,2025-08-02 11:17:15+00:00
44,ROYCWG,TikTok,
45,EHFIRW,Reddit,2025-06-11 03:02:52+00:00
46,XVCLHA,YouTube,
47,GTOLAB,Discord,
48,OVPDDI,TikTok,
49,FGCUWK,Reddit,
50,YGEUEK,YouTube,
51,IYUWVG,Discord,2025-05-24 11:20:24+00:00
52,WWFVLH,YouTube,2025-01-11 20:28:16+00:00
53,RKHBUJ,Reddit,2025-04-03 00:40:01+00:00
54,ZNYCZE,X,2024-12-12 17:45:27+00:00
55,PIULZD,Reddit,2025-08-02 20:28:46+00:00
56,BLNURY,Discord,
57,JBRIIW,Discord,
58,NRISOE,Discord,
59,RXQHOA,X,2025-06-28 23:14:16+00:00
60,UPILRN,Discord,2025-06-08 01:12:04+00:00
61,CNQIVT,Discord,2025-09-02 02:11:17+00:00
62,UDBZPT,Instagram,2024-12-30 01:05:25+00:00
63,QFSMGR,TikTok,
64,WXUFUS,Instagram,2025-04-15 21:56:50+00:00
65,GWLURZ,Reddit,2025-04-30 17:23:49+00:00
66,TLVXLX,Instagram,
67,TMGGQT,Reddit,2025-04-09 16:11:00+00:00
68,GLSGIX,TikTok,2025-04-12 21:42:45+00:00
69,GSSBKO,Instagram,2024-11-02 12:04:34+00:00
70,VKUYAW,Reddit,2025-07-22 03:06:41+00:00
71,AJTWYK,Discord,
72,UXMHMK,Discord,
73,KEMDQA,Instagram,2025-04-23 08:25:23+00:00
74,RCLWEG,X,2025-04-11 19:45:43+00:00
75,ITJTVG,TikTok,2025-08-30 08:36:30+00:00
76,TBYFBY,TikTok,
77,YFADDR,Reddit,
78,MGJPZS,YouTube,
79,CAIRYK,Discord,2025-06-01 09:54:58+00:00
80,PVGSHR,TikTok,
81,OBNRBQ,TikTok,
82,VCYQVS,Instagram,2024-11-29 06:29:32+00:00
83,NQQXUM,Discord,2025-04-25 11:53:25+00:00
84,IGYHLT,Reddit,
85,JAWEFU,X,2025-01-17 19:31:33+00:00
86,PWONEG,Instagram,2025-07-06 18:37:36+00:00
87,TRQMUC,YouTube,2025-07-22 05:52:17+00:00
88,GRJOIZ,Reddit,2024-10-23 17:52:41+00:00
89,SHGDFD,Reddit,
90,RETHPT,Reddit,2025-03-25 00:04:55+00:00
91,CFFEAN,X,2024-10-08 02:36:01+00:00
92,BHYQTC,TikTok,2025-01-01 03:33:33+00:00
93,MLEBYM,TikTok,2025-08-18 20:59:58+00:00
94,BQBDOH,YouTube,2025-05-19 13:38:26+00:00
95,TPUFNL,Instagram,2025-02-01 09:32:06+00:00
96,PLOBYC,YouTube,
97,GCGOEK,Discord,2025-03-26 08:04:56+00:00
98,HGSSLR,X,
99,QRYLOQ,X,
100,BEHTOH,TikTok,2025-01-25 12:33:53+00:00
101,HKHOLP,Instagram,
102,PAFRWP,TikTok,
103,RHBTMQ,X,2025-02-28 10:25:38+00:00
104,PQMCJI,Discord,2024-12-09 23:11:34+00:00
105,EKMRKT,TikTok,2025-07-23 14:51:08+00:00
106,IIZKNZ,Discord,
107,MBNQML,TikTok,2025-04-17 03:28:45+00:00
108,OYLSDZ,Reddit,
109,SIAKFV,TikTok,2025-01-01 02:23:44+00:00
110,DVMSNH,Instagram,
111,GOJXNW,TikTok,2025-02-07 01:11:28+00:00
112,UKYNVH,X,
113,PRWLMI,Reddit,2024-10-26 00:05:12+00:00
114,YWZGJW,Instagram,2025-01-22 02:19:57+00:00
115,TSVKRV,YouTube,2024-12-31 17:22:52+00:00
116,ANPWWL,Reddit,
117,ADWZBU,X,2024-09-18 16:21:20+00:00
118,SQWWWJ,X,
119,XMOQGR,X,
120,TLCQWL,Discord,2025-08-24 12:28:30+00:00
121,AIBJLG,Instagram,2025-01-01 06:05:23+00:00
122,UECWQG,Reddit,2025-03-29 05:00:51+00:00
123,LGGAUX,Discord,2025-03-31 09:12:58+00:00
124,BYZHZR,Instagram,
125,FKMGOO,Discord,2025-07-30 01:27:10+00:00
126,ZRHORT,TikTok,
127,TVXUFU,YouTube,
128,QRSRVQ,Discord,
129,ILPTCH,Discord,2025-04-02 04:41:28+00:00
130,FUWJNH,YouTube,2025-01-27 11:43:32+00:00
131,VMUTIC,TikTok,2025-01-09 14:56:51+00:00
132,ZWSZZU,X,2025-06-05 13:20:27+00:00
133,KGDJTG,Instagram,
134,YCGAWO,Reddit,2024-11-07 10:42:02+00:00
135,BVXHKD,TikTok,2025-06-20 14:50:12+00:00
136,MCXDLR,Discord,
137,OPSXRV,Reddit,2024-09-19 17:50:48+00:00
138,YAJLYW,TikTok,
139,JXQBHZ,Instagram,2024-11-03 19:20:21+00:00
140,FQZBIZ,Reddit,2024-12-16 22:53:19+00:00
141,VOPVGU,Reddit,2025-09-13 00:33:29+00:00
142,WDDGER,TikTok,2025-09-05 22:33:25+00:00
143,JUPAGD,Instagram,2025-08-20 03:37:54+00:00
144,TMUNCN,Reddit,2025-01-07 09:54:28+00:00
145,UWNLZB,Instagram,
146,LCSLXI,YouTube,2025-05-15 19:23:18+00:00
147,HQOIZN,Instagram,2024-10-27 20:15:21+00:00
148,LUCRWO,YouTube,2025-02-02 16:21:22+00:00
149,XKVKSI,X,
150,JDXBVC,TikTok,
151,JDBYOR,Instagram,2024-10-31 20:42:01+00:00
152,RTWSZP,X,2024-12-08 12:34:53+00:00
153,NEMWJO,TikTok,
154,OUVZVP,Discord,2025-06-14 00:57:32+00:00
155,PRSAHT,X,2024-12-25 03:22:04+00:00
156,EDRBTZ,TikTok,
157,FKIJSU,Reddit,2025-07-30 06:08:54+00:00
158,WETBCL,Instagram,2025-06-23 08:30:36+00:00
159,LHTCLH,Discord,2024-11-22 17:13:08+00:00
160,NIFZBF,YouTube,
161,THDMLD,Reddit,
162,NVUBWB,TikTok,2025-04-07 02:03:10+00:00
163,CILKQH,Instagram,2024-11-20 03:49:18+00:00
164,IUQVXC,TikTok,2025-08-03 06:20:36+00:00
165,PNKIII,YouTube,2025-03-30 23:09:47+00:00
166,QNFUJY,Discord,
167,GDFPTR,YouTube,
168,QMOPRW,Discord,
169,QWQDBL,X,
170,PJBMAJ,X,2025-03-06 00:02:16+00:00
171,WWPNMO,Discord,
172,LVQIMD,TikTok,2024-09-25 21:13:44+00:00
173,VVZCQB,Discord,2024-09-24 14:57:27+00:00
174,LNEJHK,X,
175,BQIIOK,X,
176,RXWIPD,X,2025-07-07 20:31:22+00:00
177,RRDSCO,Discord,
178,VRVTRN,Discord,
179,NAIYIT,YouTube,2025-02-28 08:15:32+00:00
180,DCVCUV,Reddit,2025-01-30 16:25:15+00:00
181,ITDJEV,Reddit,
182,ELKRGL,X,
183,UGGZUX,YouTube,2025-03-18 04:21:32+00:00
184,YZMHJN,YouTube,
185,UDGQWO,TikTok,
186,NDCELN,Instagram,2024-11-28 15:07:27+00:00
187,XVXYKK,X,2025-08-09 01:08:36+00:00
188,ZJAYVQ,YouTube,2024-11-14 21:23:34+00:00
189,HVSDSL,TikTok,
190,AFDYPL,X,2025-05-15 02:20:07+00:00
191,DGQQBV,Instagram,2025-05-06 11:31:24+00:00
192,ANGDLP,YouTube,2025-03-27 15:28:35+00:00
193,ERNJYO,Reddit,2025-02-08 03:45:30+00:00
194,KMQZGA,TikTok,2025-02-04 05:13:46+00:00
195,TQUTIB,Reddit,2025-09-11 15:41:16+00:00
196,QVRZME,YouTube,2025-02-06 09:20:48+00:00
197,ULHBFB,X,2025-01-07 23:38:47+00:00
198,ZOGTEJ,TikTok,
199,IDJXTX,Instagram,2025-01-29 02:14:33+00:00
200,ERJUGC,Instagram,2024-09-25 01:05:50+00:00
201,PVOICR,X,2025-05-15 16:47:05+00:00
202,SELLSX,Reddit,
203,HZYBQJ,Discord,
204,YDPUAB,Discord,2024-10-08 12:33:50+00:00
205,JOPRYJ,TikTok,2024-12-20 22:11:48+00:00
206,NKQGCT,Instagram,2025-04-01 05:44:18+00:00
207,XDUSFP,Discord,
208,MDWLXL,TikTok,
209,ZZRSOH,X,
210,SYQUND,YouTube,
211,GMJOMZ,YouTube,
212,CIZSNT,Reddit,2025-04-26 20:44:19+00:00
213,ZQLRIW,Reddit,
214,EZLXBD,YouTube,2025-05-18 01:39:59+00:00
215,EYFYNH,TikTok,2025-02-27 00:35:05+00:00
216,QODHNN,YouTube,2025-08-03 16:38:23+00:00
217,PEQXIY,TikTok,
218,ABQOQT,Instagram,
219,AXOQHG,Discord,2024-12-21 17:10:47+00:00
220,LREKMI,YouTube,2025-07-27 22:54:38+00:00
221,STWZDJ,Reddit,2025-03-01 05:09:41+00:00
222,GDLDBY,Reddit,2025-08-11 20:10:56+00:00
223,ZXVYSE,YouTube,2025-05-25 23:37:49+00:00
224,NMIAYN,YouTube,2025-04-24 16:58:53+00:00
225,JBMWRM,Reddit,2024-12-17 10:13:46+00:00
226,CDGJKB,TikTok,2024-12-08 05:49:34+00:00
227,FOBNTH,Reddit,
228,DZKUIY,YouTube,2025-07-27 06:51:08+00:00
229,NNBDIM,Instagram,2024-10-14 22:35:58+00:00
230,XDYIKQ,X,2024-11-09 07:17:45+00:00
231,NNMOMA,X,
232,ZPUSRA,Instagram,2024-09-22 01:17:45+00:00
233,RZPFBM,Reddit,
234,QVDRAY,TikTok,2024-10-04 17:07:15+00:00
235,LKKFNP,Instagram,
236,TBDFIR,Reddit,2025-08-14 03:34:36+00:00
237,YLNORW,Discord,
238,SPEGOF,X,
239,SRMMOY,Discord,2025-06-23 22:45:30+00:00
240,DRJZVY,YouTube,2024-12-21 00:33:52+00:00
241,HSJLGM,YouTube,
242,HOHCTG,TikTok,
243,NQBKSC,YouTube,2025-09-02 07:10:29+00:00
244,OYKYWM,YouTube,
245,HHBTQG,Discord,
246,YXEWEX,Instagram,
247,ETWHAH,Reddit,2024-12-05 20:43:40+00:00
248,ZHZOMY,Reddit,2025-02-26 11:51:09+00:00
249,FCELGE,Discord,2024-12-26 15:54:31+00:00
250,HRFPQK,Instagram,2025-08-19 00:28:17+00:00
251,CREDIG,X,2025-07-27 16:33:23+00:00
252,LGIPOG,X,
253,BDHKNX,Discord,
254,RQYJFY,Instagram,2025-05-22 10:50:39+00:00
255,TPKOMN,Discord,
256,TRPUNN,X,2025-06-01 14:28:54+00:00
257,OBONOD,X,
258,LRSMXL,TikTok,2024-11-01 07:49:40+00:00
259,NLBMUS,Instagram,2024-12-28 03:20:45+00:00
260,AFBLSO,TikTok,
261,BYAKTT,Discord,
262,KZJWXJ,Discord,
263,WDWDZK,YouTube,
264,FAAHRO,Reddit,2025-04-21 04:57:28+00:00
265,FLEEWT,TikTok,
266,KTWAFC,TikTok,2025-06-02 06:33:07+00:00
267,RWGBLO,TikTok,2024-10-18 19:26:42+00:00
268,ZGXOPU,X,2025-04-30 18:12:26+00:00
269,WZNKHO,Reddit,
270,XQLMZY,Discord,2025-06-29 22:11:59+00:00
271,NSKHEN,YouTube,
272,HSUXOZ,Reddit,2024-12-10 02:19:14+00:00
273,KGICLJ,Reddit,
274,EGRPWE,Reddit,
275,OMWIYA,YouTube,
276,DZMGPF,YouTube,2025-02-04 08:22:01+00:00
277,UJNJGN,Instagram,2025-08-01 05:36:52+00:00
278,USTIFI,TikTok,2025-03-13 07:20:41+00:00
279,FDGYPK,YouTube,2024-11-26 14:09:22+00:00
280,FOGOYI,Instagram,
281,QMEUES,Instagram,2024-10-22 09:36:02+00:00
282,XZYNVB,Discord,2025-05-02 14:01:44+00:00
283,ADQBDF,Instagram,2024-10-25 05:49:28+00:00
284,QRQMMA,Reddit,2025-03-13 10:12:33+00:00
285,ASNHNS,Instagram,
286,XCCDEN,X,2025-01-06 16:19:30+00:00
287,KJKOZF,Discord,
288,CZQAKJ,Instagram,2025-06-14 22:53:39+00:00
289,AEMLUO,TikTok,
290,XFXROH,TikTok,
291,HOREWA,YouTube,2025-08-13 13:13:21+00:00
292,TSKCEG,Instagram,
293,OJTURC,Discord,
294,BLVITY,Instagram,
295,IQULFO,Instagram,2025-01-17 03:30:12+00:00
296,RRCQUS,TikTok,2025-05-03 19:55:47+00:00
297,JUEKJC,X,2024-11-20 16:26:58+00:00
298,TCCLON,TikTok,2025-02-08 07:55:29+00:00
299,JCPIKH,Instagram,
300,SOZGNR,YouTube,2025-07-22 20:01:43+00:00
301,HMBLKM,TikTok,2024-10-04 08:21:03+00:00
302,YSMQLD,TikTok,
303,IQUIIV,Discord,
304,DIYFIZ,X,2025-03-31 02:13:19+00:00
305,SMOGJV,Instagram,2025-02-06 20:03:40+00:00
306,YFZETA,Discord,2024-11-26 01:48:30+00:00
307,SLHSVU,Instagram,
308,DHGELJ,Instagram,
309,MKNXRO,X,
310,VPXCGR,YouTube,
311,BZRKTZ,Instagram,2024-09-23 09:14:54+00:00
312,CFTORF,X,2025-05-19 03:04:43+00:00
313,UPNIAC,Instagram,
314,CVSJIU,Reddit,2025-05-23 20:29:01+00:00
315,MLSIHV,TikTok,2025-02-22 15:41:17+00:00
316,ICUYTN,Reddit,2024-12-29 07:43:34+00:00
317,OYGKEQ,Instagram,2025-03-23 13:05:02+00:00
318,TWLLAF,X,
319,VBCWEI,Instagram,2025-03-11 02:00:51+00:00
320,RMZIKK,TikTok,2024-12-12 08:52:11+00:00
321,VQVSHP,TikTok,
322,IGDJDK,Reddit,2025-01-19 15:58:03+00:00
323,JEQSQZ,Reddit,2025-04-25 22:28:05+00:00
324,HEVQWY,Instagram,2025-06-18 16:30:17+00:00
325,VZNMRK,Instagram,2025-04-24 17:56:41+00:00
326,CATHHN,YouTube,
327,OUMNOG,Reddit,
328,JVBSOZ,TikTok,
329,QGWAGW,TikTok,2024-12-09 21:41:26+00:00
330,ZUGVPJ,Discord,
331,LQUVUO,Reddit,2025-05-13 18:29:22+00:00
332,OISHGW,Discord,
333,DTKBHR,Discord,
334,GSVTRM,Reddit,
335,QJBUTK,Discord,2025-06-10 09:34:10+00:00
336,YJYIAU,Discord,2025-08-16 19:15:08+00:00
337,ZQSWUK,Instagram,
338,MIHODW,X,
339,TBQVAY,YouTube,2025-07-29 15:36:00+00:00
340,AYFRDQ,YouTube,
341,WCJCRQ,TikTok,2025-03-18 09:17:20+00:00
342,HSGRSA,Instagram,2025-07-19 10:36:42+00:00
343,PNLAID,Instagram,
344,MFCUCJ,X,2024-11-28 13:05:59+00:00
345,UTDZDN,TikTok,
346,EJFTXQ,Instagram,
347,CCTPJZ,X,
348,GQGPSH,Discord,2025-04-10 04:20:29+00:00
349,WWFPEK,Discord,2025-02-02 22:06:41+00:00
350,XYMCMP,Reddit,
351,AJIKVK,Reddit,
352,TYUABG,TikTok,
353,YKHSTL,Instagram,2024-11-23 02:22:07+00:00
354,NQHINF,YouTube,2025-06-09 03:48:22+00:00
355,KQVRBS,Discord,
356,GGYDPB,Discord,
357,TDSSEY,Reddit,2025-03-26 11:26:09+00:00
358,VGJTWT,TikTok,
359,AUHBSO,TikTok,2025-07-15 10:08:58+00:00
360,NBWEEU,Reddit,
361,CTAWAB,X,2025-08-08 00:25:00+00:00
362,DYWOXT,Instagram,2024-10-01 06:18:51+00:00
363,GXIVOD,Discord,
364,EUZYBM,X,
365,ICLJHU,Discord,
366,MPMUFX,YouTube,2025-07-15 01:43:32+00:00
367,YAOQSA,X,2025-02-14 15:53:15+00:00
368,RWSCNG,Instagram,
369,ZDHBGV,Instagram,
370,JZCCDV,TikTok,2024-11-07 08:09:45+00:00
371,BRDHWY,Instagram,
372,TIHBFU,Reddit,2025-08-12 17:24:11+00:00
373,CLIDJU,Instagram,2024-12-05 06:27:22+00:00
374,GDERVS,TikTok,2025-05-19 23:01:40+00:00
375,WDSZKB,X,2025-04-04 23:46:38+00:00
376,ZAKLTG,Instagram,2025-06-23 18:40:40+00:00
377,UDBUFF,Instagram,2025-09-02 05:38:21+00:00
378,QQPGVA,TikTok,2025-05-04 21:37:38+00:00
379,QVCWVD,Instagram,2025-01-22 06:05:22+00:00
380,YLSMJL,X,2025-04-23 17:30:27+00:00
381,EHWAQG,X,2025-06-10 14:56:45+00:00
382,WMCJKQ,Reddit,2024-11-30 12:21:06+00:00
383,ZOAJSM,Instagram,2025-02-19 07:14:23+00:00
384,OIHAPA,X,2025-01-15 10:55:07+00:00
385,ZNTZZC,Discord,2025-01-13 07:06:16+00:00
386,NUTTYO,Instagram,2024-09-19 06:59:31+00:00
387,VVEPUS,Reddit,2025-01-10 11:29:35+00:00
388,SYOOEZ,Instagram,2025-02-27 06:30:55+00:00
389,EABPAM,X,
390,FDSXVI,TikTok,2024-12-25 19:47:00+00:00
391,SDCNJB,Discord,
392,KCHDEY,Discord,
393,QEZSYU,YouTube,
394,VJTHEA,Discord,
395,KZZAPX,Reddit,2025-07-29 17:28:39+00:00
396,OYDTGZ,YouTube,
397,ZVRSIA,YouTube,2024-12-19 19:38:01+00:00
398,BGCAKT,YouTube,
399,MJOCMW,Discord,
400,FLUAAG,TikTok,2025-04-09 23:29:58+00:00
401,EJTOXC,Reddit,
402,XSLQPL,TikTok,2025-02-23 01:44:29+00:00
403,FESSSG,X,2025-04-29 00:25:20+00:00
404,CKOMBA,TikTok,2024-10-25 04:41:45+00:00
405,RPFAEH,TikTok,2024-09-28 02:22:11+00:00
406,DUMXGQ,Instagram,2025-06-15 15:26:18+00:00
407,XJLGMF,X,2024-12-08 23:16:04+00:00
408,DSCRVK,Reddit,2024-12-31 22:07:48+00:00
409,BKNZRY,Reddit,
410,MCXSNX,Reddit,
411,QDTEZZ,YouTube,2025-04-15 23:16:24+00:00
412,LZLZQV,X,2024-11-10 14:25:10+00:00
413,SUCOOW,Reddit,2024-10-20 10:26:55+00:00
414,WUQNKK,YouTube,2025-09-08 20:35:29+00:00
415,PZCCUU,Reddit,
416,WGROME,Instagram,2025-08-03 22:58:38+00:00
417,PSBXIG,Discord,2025-03-20 07:21:34+00:00
418,GJIUIV,Discord,
419,ZFHTUI,Discord,2024-10-03 22:15:49+00:00
420,QEFVTT,X,
421,NEINDW,Reddit,2024-11-26 01:54:34+00:00
422,FVVGLX,Discord,2025-04-29 19:09:53+00:00
423,JMKXRG,Instagram,2025-07-18 12:29:33+00:00
424,EWPJEX,Discord,
425,CABWUF,YouTube,
426,RGKAUT,TikTok,2024-10-29 08:28:15+00:00
427,DEUFPY,Discord,
428,QLJJGM,Discord,2025-03-17 11:08:08+00:00
429,QPAZZV,Reddit,
430,PHCBZQ,X,2025-03-29 01:17:48+00:00
431,SXHDTX,Reddit,2025-09-04 20:59:42+00:00
432,IDAMHX,Instagram,2025-05-27 09:20:36+00:00
433,ASOESF,Reddit,
434,MYJHER,Reddit,2025-03-15 16:11:24+00:00
435,CDGVTE,Discord,
436,RFFWKX,X,2024-11-07 15:12:31+00:00
437,HWMWPY,TikTok,2025-06-22 00:18:24+00:00
438,FDRNKW,YouTube,2025-07-22 11:02:58+00:00
439,FKOXLI,Discord,2024-09-20 22:37:38+00:00
440,CIZIBL,YouTube,
441,ETMTCP,Discord,2024-10-04 22:18:55+00:00
442,LMANSY,X,
443,NAATFW,X,2025-04-07 23:31:33+00:00
444,JPEVHH,Discord,2024-10-29 07:08:30+00:00
445,NLRDZM,YouTube,2025-08-12 08:44:21+00:00
446,XVAFZF,TikTok,2024-12-05 22:24:33+00:00
447,EJQAWG,Reddit,
448,PBCVBD,Instagram,2024-11-19 10:08:22+00:00
449,OMDSQH,Discord,2025-05-21 09:30:53+00:00
450,NQSKXN,Reddit,2025-06-22 13:17:03+00:00
451,CCFFGN,YouTube,2025-02-02 16:04:27+00:00
452,KEOXRM,YouTube,2024-10-23 11:05:26+00:00
453,RXVRDC,Reddit,2025-08-09 17:07:22+00:00
454,SXQLZG,TikTok,2024-12-06 05:01:51+00:00
455,EBHUIT,TikTok,
456,XADQIX,Reddit,2025-01-28 02:42:21+00:00
457,TJICKL,Instagram,
458,MKXEDS,YouTube,2024-12-17 03:03:10+00:00
459,XMOLPU,Reddit,2025-01-11 21:49:26+00:00
460,RVZDXC,Instagram,2025-04-04 19:31:10+00:00
461,BRAWNT,Discord,2025-03-24 07:48:08+00:00
462,ZRINSC,Discord,
463,MRQDVX,Reddit,2025-07-24 16:29:53+00:00
464,QEWWWB,Instagram,2024-11-15 22:16:36+00:00
465,IHNOJV,TikTok,2024-12-19 14:06:25+00:00
466,ULWLDM,Discord,2025-07-07 17:21:19+00:00
467,KAOVUZ,Discord,2025-08-08 07:41:38+00:00
468,NFRYJB,YouTube,
469,ITPSJL,TikTok,
470,FIVZHN,Discord,2024-10-30 03:31:36+00:00
471,XMVTKG,YouTube,2025-04-20 04:35:34+00:00
472,YKLUSC,Instagram,2025-04-14 16:05:05+00:00
473,QRDXLP,Reddit,2025-06-27 03:37:06+00:00
474,MNBYVM,Reddit,
475,XREVCR,Reddit,
476,NKZXTH,X,
477,LDKSTH,Discord,2024-09-30 23:11:18+00:00
478,ITOFFS,Discord,2025-01-02 12:35:38+00:00
479,RZQYNS,X,
480,TOPYSR,Reddit,2025-07-19 16:35:59+00:00
481,WVNADR,YouTube,2024-12-31 23:32:25+00:00
482,UZRDBU,YouTube,
483,AVCWTW,Discord,
484,KNUSSB,Instagram,2025-05-29 00:37:18+00:00
485,YZIOAG,Reddit,
486,WLFQSJ,Reddit,2025-03-21 17:17:50+00:00
487,PUZHER,YouTube,
488,TDBHGE,X,2025-05-13 07:37:55+00:00
489,MYBYPU,Discord,
490,RMOJUI,YouTube,
491,NUEOKJ,YouTube,
492,IHYQMO,Discord,2025-06-27 15:04:17+00:00
493,RLXPQY,Discord,
494,JUCGSA,Reddit,
495,JULBXF,Reddit,2025-05-03 00:19:47+00:00
496,CZUNQF,Discord,
497,WLCNSZ,Instagram,
498,YTDLIC,TikTok,2025-05-27 07:20:04+00:00
499,GBVXKL,Instagram,2024-12-15 11:43:43+00:00
500,ARNQQT,Reddit,2025-05-08 01:46:18+00:00
501,WJNHRP,X,
502,LKRMND,Instagram,
503,WHQHXZ,Discord,
504,YAWDBO,Instagram,2025-08-12 09:46:19+00:00
505,YHTXIK,Discord,
506,DEQGCR,Reddit,
507,WYZLOH,TikTok,2025-08-01 10:22:06+00:00
508,FPYJRG,X,
509,XILQHP,Reddit,2025-05-15 06:31:17+00:00
510,VYEIUS,Discord,2024-11-03 06:34:15+00:00
511,VDTWMJ,X,2025-01-07 12:31:01+00:00
512,CQCHVX,YouTube,2024-12-15 01:20:52+00:00
513,XBBANA,Reddit,2025-05-11 08:23:37+00:00
514,TFAGXO,Discord,
515,JFUTHM,Reddit,2025-06-07 04:40:39+00:00
516,JAGZZR,Reddit,2025-02-19 18:24:39+00:00
517,EOOWDT,X,2025-06-26 23:34:51+00:00
518,TGGGRN,X,2025-07-24 14:23:26+00:00
519,XWBQCZ,Discord,
520,VGOEQJ,Discord,
521,CGZFKV,X,2024-12-13 22:52:35+00:00
522,MPNDEC,Discord,2025-07-04 15:06:41+00:00
523,DEPVRK,X,
524,MMFEVA,TikTok,2025-02-07 02:22:22+00:00
525,PDNXDE,YouTube,2025-01-07 16:29:08+00:00
526,KZQWSV,TikTok,2025-09-13 04:16:33+00:00
527,PMMFKD,Reddit,
528,ERGSIL,Reddit,2024-09-24 07:50:56+00:00
529,JDANXR,YouTube,
530,EXPWNT,TikTok,2025-03-25 21:00:20+00:00
531,DPVXUQ,Reddit,2025-04-12 17:00:28+00:00
532,WSLYMT,X,2025-01-28 04:31:56+00:00
533,TTSCDM,YouTube,
534,CPOGAT,TikTok,2024-12-10 00:29:04+00:00
535,DARRIJ,YouTube,2025-05-09 12:13:19+00:00
536,PGNOPZ,Instagram,
537,KUMJOG,X,2024-10-17 06:08:49+00:00
538,UKDWDF,Discord,
539,CNUUPR,TikTok,2025-04-19 00:09:48+00:00
540,ZACDYL,TikTok,2025-02-28 23:53:55+00:00
541,JPSYKR,X,
542,PYVQLF,Discord,
543,NFUNSP,Discord,2024-12-21 06:01:17+00:00
544,GAEZUJ,Instagram,2024-11-29 06:40:05+00:00
545,FASXOS,Reddit,
546,JZHPFY,Reddit,2025-01-20 05:28:43+00:00
547,ENONID,Reddit,
548,WVOSZO,YouTube,
549,YLLPAD,TikTok,2024-11-23 06:09:10+00:00
550,UFSUKJ,Reddit,2025-03-16 19:13:09+00:00
551,VGCRVB,YouTube,2025-03-04 17:16:34+00:00
552,JXGYRX,Instagram,
553,GGGFVV,X,2024-10-16 00:16:59+00:00
554,CXRRPT,Reddit,
555,WJIXWO,X,2025-06-01 10:30:48+00:00
556,ZXHFOB,Instagram,2025-03-07 01:19:30+00:00
557,ONKREZ,Discord,2025-09-14 22:20:02+00:00
558,IARJCJ,X,2024-12-08 10:52:33+00:00
559,GHYIEL,Instagram,
560,JWHEDO,YouTube,
561,SUOWFU,Discord,2024-09-22 00:37:06+00:00
562,UEMZWN,Discord,2025-06-18 12:22:08+00:00
563,MGWBCE,YouTube,
564,MQLIJO,X,2025-06-07 01:57:01+00:00
565,KJRPOQ,Reddit,2025-02-10 05:06:14+00:00
566,UJRMTX,Instagram,
567,MYWQYK,Reddit,2024-10-20 20:20:48+00:00
568,WBEFIH,X,
569,KXUYTN,Instagram,2025-05-11 05:13:22+00:00
570,EASRYS,TikTok,2024-12-24 14:55:00+00:00
571,KCYMBU,Reddit,
572,CGERXI,YouTube,
573,LDNEAJ,X,
574,MWYODY,Reddit,2025-05-31 19:50:43+00:00
575,PQQONQ,X,
576,MFCIKE,TikTok,2025-06-09 05:12:07+00:00
577,VWIMAX,Instagram,2024-12-22 08:09:50+00:00
578,TUPUOE,Reddit,2025-01-23 23:36:51+00:00
579,GSQVFC,Discord,2024-12-29 00:16:10+00:00
580,TXURHT,X,2024-10-07 07:37:25+00:00
581,WEHQQH,Reddit,2025-08-26 08:04:16+00:00
582,IDZAZH,YouTube,
583,SGDMII,Instagram,
584,MUIVYB,Instagram,2025-01-19 17:23:32+00:00
585,MEVVVD,Discord,2024-10-19 08:05:45+00:00
586,ULTALU,Reddit,
587,FKYYES,Discord,
588,NGQFXW,YouTube,
589,GLAUPK,YouTube,2024-12-14 13:55:25+00:00
590,BUMPJC,YouTube,2025-04-11 15:15:52+00:00
591,RIZTBJ,YouTube,
592,UDGZUT,Instagram,
593,AJSGBS,Reddit,2024-10-04 10:53:14+00:00
594,SEEJTH,Reddit,
595,OBEHGJ,TikTok,
596,NTWQJQ,X,
597,ROKNMO,Reddit,2025-05-18 05:53:51+00:00
598,KICRBY,YouTube,
599,FMCOVR,Reddit,
600,PBFSAX,Discord,2024-11-21 08:15:26+00:00
601,XCUBOY,Instagram,
602,UBQNTV,TikTok,
603,YCSNEN,YouTube,2025-04-23 16:25:56+00:00
604,YOOTTO,Discord,2024-09-30 11:59:50+00:00
605,RWEEKI,YouTube,2025-02-26 23:45:04+00:00
606,PYXOZV,Instagram,
607,LSPOFT,Discord,2025-06-20 21:35:29+00:00
608,ZLKSZP,Reddit,2024-09-22 01:11:14+00:00
609,XAZFIU,Discord,
610,XNOOCL,YouTube,2025-07-11 00:27:12+00:00
611,JPGVCK,YouTube,
612,SUEVRO,TikTok,2025-08-05 02:28:16+00:00
613,HTOCBU,X,
614,LYDUTW,TikTok,
615,QBNIOI,Discord,2025-08-08 03:02:21+00:00
616,BTKLPN,YouTube,2025-03-27 21:13:18+00:00
617,UDIMTO,X,2024-11-20 09:31:20+00:00
618,NUDDOM,Discord,2025-05-13 18:39:03+00:00
619,OZNGGL,Discord,
620,CRLJIP,TikTok,
621,EJVUQL,YouTube,2025-03-31 16:05:16+00:00
622,JTWCBY,YouTube,
623,VASCLA,YouTube,
624,FOTOQZ,Discord,
625,APRBEH,Discord,
626,BRAKHW,Discord,2025-04-05 18:27:41+00:00
627,CHWKZN,Discord,2024-12-20 03:08:32+00:00
628,IWNENL,Discord,2024-12-26 07:18:37+00:00
629,GNIKEJ,X,2025-03-23 14:31:29+00:00
630,HZZHBG,Instagram,
631,VAOHDX,Discord,2025-06-10 19:43:47+00:00
632,SNRWRK,Reddit,2025-08-23 19:11:32+00:00
633,ZXIOFD,Reddit,
634,FDRXXL,YouTube,
635,OEBNSE,YouTube,
636,TWKKLY,Discord,
637,HUCETP,X,
638,PPGACU,YouTube,2025-08-13 02:23:38+00:00
639,PSJWMD,YouTube,2025-05-19 14:58:03+00:00
640,KZYYFR,YouTube,
641,BYZWMI,Instagram,
642,LUPVSK,Discord,2024-12-11 16:08:51+00:00
643,NQSBCL,TikTok,
644,GNZBKT,TikTok,2025-04-16 12:20:23+00:00
645,LWUHEH,TikTok,
646,XMQCNE,Reddit,
647,SDKLEP,Discord,
648,WCIQSE,Discord,2025-09-08 11:20:31+00:00
649,CLJNJU,Reddit,
650,EOBEIW,YouTube,2024-09-26 06:14:17+00:00
651,DTBISY,X,
652,DDFQGL,Instagram,2025-03-24 18:44:41+00:00
653,AWGPMK,TikTok,
654,AWHQVF,YouTube,2025-06-15 15:19:07+00:00
655,QAWRVH,TikTok,2025-06-05 20:28:18+00:00
656,KERPRP,Reddit,2024-10-14 13:12:20+00:00
657,LPYCHJ,Instagram,
658,TVBMDW,X,2025-03-01 18:27:06+00:00
659,NSPCSQ,TikTok,2025-06-10 22:52:04+00:00
660,RYZHPI,Reddit,2025-01-16 23:42:37+00:00
661,QYPMSM,YouTube,
662,GHFDMU,Discord,
663,UZKIOQ,TikTok,
664,RGBHOT,TikTok,
665,ISQAEI,X,
666,MMADEL,Reddit,
667,MVYBNO,Discord,2025-01-20 07:09:26+00:00
668,NFRUXJ,YouTube,2025-08-22 04:42:43+00:00
669,AZQVOK,Reddit,2025-02-11 13:31:58+00:00
670,UIWSHC,YouTube,2025-07-13 08:09:07+00:00
671,VHNEJA,YouTube,
672,LAMNEY,Discord,
673,IIUCZN,YouTube,2025-07-12 21:33:32+00:00
674,AKWDIB,Reddit,
675,IXCTTA,X,
676,FFHNUR,X,2025-03-27 11:34:43+00:00
677,HAQNFJ,X,2024-10-29 07:19:36+00:00
678,YUOEIX,Reddit,2025-08-26 22:17:49+00:00
679,DMRCBL,YouTube,
680,XQRLJI,YouTube,
681,RNZTMD,Discord,2025-08-29 04:22:16+00:00
682,LRSMGF,Reddit,2025-09-08 01:53:22+00:00
683,JEXIWI,Instagram,2025-08-11 10:19:56+00:00
684,MJLETP,YouTube,2024-10-25 07:30:04+00:00
685,KSCOBH,Instagram,2025-01-10 06:13:25+00:00
686,KQOZJI,Discord,2025-04-15 04:17:36+00:00
687,ULUOGR,TikTok,
688,SVCPIC,Instagram,2025-04-04 10:22:29+00:00
689,YBCVUJ,Instagram,
690,BFDPTV,YouTube,
691,LHQLFW,X,2025-08-14 17:33:56+00:00
692,XHYLZI,TikTok,2025-09-06 04:52:23+00:00
693,PNWWBX,TikTok,2025-02-12 20:18:07+00:00
694,OZCHAL,Reddit,2025-03-28 20:23:07+00:00
695,IJJORM,YouTube,2025-07-03 15:39:33+00:00
696,VJKHWD,TikTok,2025-03-28 09:51:38+00:00
697,ASMLZC,Discord,
698,WXSYQL,Instagram,2025-08-16 07:32:06+00:00
699,LJEPPW,YouTube,
700,HYOAAM,X,2025-05-25 13:55:53+00:00
701,MRDTZZ,X,2025-02-05 12:15:26+00:00
702,CXCMTY,TikTok,
703,OPPXNA,Instagram,2025-07-26 20:07:38+00:00
704,MTKYUH,TikTok,
705,PHUGQP,Reddit,2025-04-26 04:17:33+00:00
706,ZVQHCN,X,2024-12-03 15:09:29+00:00
707,QHGTPX,Discord,2025-04-16 18:09:01+00:00
708,LVGSMU,TikTok,2025-04-11 21:59:46+00:00
709,CDYEMZ,Instagram,2024-11-30 17:09:19+00:00
710,LQFTIQ,TikTok,2025-05-04 17:01:50+00:00
711,MMMYXG,Discord,
712,MDWAYL,Discord,2025-02-12 17:44:26+00:00
713,NYCNJV,Reddit,
714,WIGCRK,Discord,
715,TPFIRE,Reddit,2025-07-14 22:01:50+00:00
716,ABKNRJ,Discord,2024-09-27 20:35:37+00:00
717,FACYRV,Reddit,
718,SDWDRX,Reddit,
719,ECEHRB,Instagram,
720,HLXUIE,TikTok,2025-02-08 05:47:31+00:00
721,BKZGVE,TikTok,2025-05-10 21:43:06+00:00
722,YPEMDT,YouTube,
723,CLGABS,Instagram,2025-02-20 21:06:34+00:00
724,MQAAKD,X,
725,ONYMLV,TikTok,2025-05-20 21:36:06+00:00
726,AYVMOY,X,2025-03-30 02:09:43+00:00
727,HBZQJW,X,2025-04-10 03:51:10+00:00
728,LTQEBJ,YouTube,2025-04-26 01:43:03+00:00
729,KCRMXL,YouTube,2024-11-21 00:50:19+00:00
730,FSPMBO,X,2025-07-06 07:16:32+00:00
731,ZVZAII,Discord,2025-03-27 10:42:21+00:00
732,DURLRW,YouTube,
733,GBTMAX,Reddit,2024-10-18 18:14:45+00:00
734,SDEBHU,Instagram,
735,VBVCPQ,TikTok,
736,LVZRIZ,Reddit,2024-10-11 11:26:11+00:00
737,IZFBEB,X,2024-11-25 05:05:51+00:00
738,KSOLYB,TikTok,
739,QJEWCA,TikTok,
740,PHSUMD,YouTube,
741,NKYPAE,Instagram,
742,CVHKOE,Reddit,
743,QWZNMQ,YouTube,2024-11-03 08:11:20+00:00
744,FURZME,Discord,
745,BJFGQX,Instagram,2025-04-21 20:11:37+00:00
746,TYEUMD,YouTube,
747,PIFRIU,X,2025-05-26 10:03:59+00:00
748,GKFXBP,TikTok,
749,DYLKDS,Discord,2025-09-15 08:20:24+00:00
750,HIAOHC,Instagram,2024-11-28 11:05:14+00:00
751,EIXPUQ,Reddit,
752,POFKNW,YouTube,2025-06-21 04:43:43+00:00
753,VHSTGI,Reddit,2024-10-13 06:38:06+00:00
754,YYXXKB,Instagram,
755,NLKVSC,Instagram,2025-01-24 22:11:14+00:00
756,OATYDH,Discord,
757,ARELOP,Instagram,2024-12-03 04:57:35+00:00
758,DSEWQS,TikTok,
759,BXIALH,Reddit,2025-08-20 17:50:53+00:00
760,UUCWTB,Discord,2025-05-11 18:13:46+00:00
761,BJMBJQ,Discord,2024-11-09 02:37:29+00:00
762,SFZGCM,Reddit,
763,STTIXN,Instagram,2024-10-26 04:09:14+00:00
764,BIMNDS,Discord,
765,XLJRSZ,TikTok,2024-12-07 06:54:15+00:00
766,WCKEYC,YouTube,2025-08-06 10:55:54+00:00
767,SMWNQH,Discord,2025-06-10 08:55:58+00:00
768,DJLQHB,YouTube,
769,NIPRUM,Discord,
770,VLHDUE,X,2025-07-19 20:58:36+00:00
771,JHVDHY,Reddit,
772,SHZVSR,YouTube,2025-08-10 14:10:41+00:00
773,DZOLJF,Discord,2025-07-25 00:47:57+00:00
774,IIJOEH,TikTok,2025-04-01 21:16:05+00:00
775,MDLIAT,Reddit,2025-04-24 20:32:06+00:00
776,SMHYZO,YouTube,
777,SXICMB,Discord,2025-09-01 05:09:16+00:00
778,IKVLCB,Discord,2024-12-10 23:47:09+00:00
779,NUTFCW,Discord,
780,CNFIPY,Discord,2024-10-06 23:20:24+00:00
781,DWJJHJ,Instagram,
782,CSLZUH,Discord,
783,LXDPCF,Instagram,
784,NIYPJA,Discord,
785,KOSTDE,Instagram,2025-03-20 16:35:56+00:00
786,MVHPMT,YouTube,2025-07-06 05:52:48+00:00
787,AGYVMQ,X,2025-04-04 09:44:31+00:00
788,MRGDHZ,TikTok,2025-07-09 17:47:06+00:00
789,JMLGRZ,TikTok,2024-12-15 15:27:06+00:00
790,TAGPDL,Discord,2024-10-29 00:18:21+00:00
791,EHKXJH,Reddit,
792,BFQTPE,X,
793,VRHRRC,Reddit,2025-05-21 01:39:07+00:00
794,DDHUKX,YouTube,2025-05-07 21:28:23+00:00
795,EFEXPV,Reddit,
796,SSUKXD,YouTube,
797,MIJVXP,X,2024-09-28 21:51:56+00:00
798,HTDDSR,X,2024-09-19 18:20:24+00:00
799,DCRUCU,Instagram,2025-04-11 12:27:25+00:00
800,CUNBDG,TikTok,2025-07-19 17:08:36+00:00
801,ACDPPF,Discord,2025-08-30 19:08:20+00:00
802,CVYYJE,Reddit,
803,PNBVTN,Discord,2025-09-09 08:44:56+00:00
804,HXNZCF,Reddit,
805,MSERCV,Instagram,2024-11-02 05:21:29+00:00
806,NKTIMN,Instagram,
807,SOBIDH,Reddit,
808,RVFKZL,TikTok,
809,UYJARR,Instagram,2025-03-24 01:20:42+00:00
810,RCDKPC,YouTube,2025-06-26 14:23:09+00:00
811,ZIPZDV,Discord,2024-11-15 12:15:30+00:00
812,TTPTUY,X,2025-06-25 21:09:36+00:00
813,PKMHTC,X,2025-01-19 03:22:09+00:00
814,GYATVM,TikTok,
815,JRDQCB,Reddit,
816,UFRMGI,Reddit,2024-10-02 18:22:26+00:00
817,YALXJI,Instagram,2024-12-12 07:18:38+00:00
818,AERUXE,Instagram,2025-07-12 01:34:30+00:00
819,SMCRRR,Reddit,2025-08-26 21:54:10+00:00
820,OEBGPJ,Discord,2025-04-05 02:12:46+00:00
821,ZIABVJ,Discord,2025-08-17 06:15:48+00:00
822,TQJLZK,TikTok,
823,GQPXBH,X,2025-07-27 00:25:39+00:00
824,NARKNK,TikTok,
825,PZJKOV,TikTok,
826,FMVREH,Instagram,2025-07-11 14:56:44+00:00
827,QZBWFG,X,
828,KFTCVC,X,2025-07-04 09:14:13+00:00
829,ONLJBV,Reddit,
830,LOFKQL,Reddit,2025-07-04 18:58:39+00:00
831,ASWOFZ,Discord,
832,GQVWXY,Discord,
833,NJDDRH,Instagram,2025-09-14 12:48:15+00:00
834,WXQVGH,YouTube,2024-09-29 19:34:29+00:00
835,PKCEGV,Instagram,2025-07-27 13:37:03+00:00
836,ZKXFHA,X,
837,EWZMAW,TikTok,2025-04-10 10:52:06+00:00
838,HBYXRX,Instagram,
839,SDCTYN,Reddit,
840,YGWGDU,X,
841,TUTYFC,YouTube,
842,LGPMJY,X,2025-03-06 03:21:35+00:00
843,MGHUDM,X,
844,AZPVRY,Discord,
845,RGKQSX,Discord,2025-04-18 12:56:07+00:00
846,WWKXKZ,X,2025-07-08 05:09:54+00:00
847,YTHWEL,X,
848,TKAWVY,Instagram,
849,YIKXCE,X,2024-11-25 19:00:10+00:00
850,JPVTLA,TikTok,
851,ELQAFH,Reddit,2025-01-13 20:08:46+00:00
852,ENZVTW,Discord,2025-04-05 14:06:26+00:00
853,YLWDEP,X,
854,FKEWYW,YouTube,2025-08-11 12:34:53+00:00
855,AOPFCM,X,
856,EKLGCJ,Reddit,2024-12-16 10:12:13+00:00
857,SLXLRD,Discord,2025-08-04 03:51:00+00:00
858,YVGTJL,YouTube,
859,ZHRKKD,X,
860,GLGPQC,Instagram,2024-11-09 06:46:28+00:00
861,ISRSST,X,2024-10-07 16:12:04+00:00
862,OBYMJP,Discord,
863,PTBGQH,Instagram,
864,DXBEEM,X,
865,DINDDB,YouTube,2025-01-01 14:13:11+00:00
866,ZHJLXG,X,2024-11-22 07:14:53+00:00
867,LETMYO,Discord,
868,LEBEME,Instagram,2025-09-06 12:35:50+00:00
869,ZYBJSM,Instagram,2025-05-01 11:33:02+00:00
870,SDJFHV,Discord,2025-02-16 12:38:54+00:00
871,HXPPZN,Reddit,2024-11-13 04:25:24+00:00
872,XGMCIH,Discord,2025-06-25 13:13:48+00:00
873,JYCIAL,Discord,
874,LYPAZR,Instagram,2025-06-06 12:13:52+00:00
875,TTYOFB,Discord,2025-01-27 23:39:57+00:00
876,UTOPCG,YouTube,
877,WCWEUH,Discord,2025-01-12 15:22:56+00:00
878,HUTXXP,X,
879,VNMXMO,Instagram,2025-07-14 06:12:38+00:00
880,KJEQCN,Instagram,
881,QSYNQC,Instagram,2025-06-30 01:40:04+00:00
882,XMDDXV,Reddit,2025-01-06 13:31:16+00:00
883,OOXNNK,Instagram,
884,OGGCNC,Discord,2025-09-08 19:39:39+00:00
885,UVBKSI,Discord,2024-11-03 08:03:08+00:00
886,RQGZWE,YouTube,2024-10-09 11:47:28+00:00
887,ZGRLAK,TikTok,2024-11-13 04:35:50+00:00
888,MRWZPM,Reddit,
889,QRZRUC,YouTube,2024-11-29 12:46:23+00:00
890,CAZWFQ,Discord,2024-12-06 06:29:02+00:00
891,VWOCUD,Instagram,2024-09-30 20:17:23+00:00
892,EDSZMW,Reddit,2025-03-03 14:30:28+00:00
893,HVKICW,Instagram,
894,WTPOHM,Instagram,2025-03-23 04:27:22+00:00
895,SYXWGB,TikTok,2025-01-31 17:32:28+00:00
896,IBXKMM,Discord,2025-05-29 05:53:21+00:00
897,SAHEIG,YouTube,2025-01-25 14:22:31+00:00
898,RXWSMW,Discord,
899,YVRTUU,YouTube,
900,HTRDFP,TikTok,
901,YMGOZJ,X,2024-10-14 20:29:21+00:00
902,EVXABL,Reddit,2025-07-29 17:35:39+00:00
903,OMZUUU,Reddit,2025-04-30 03:29:35+00:00
904,DRNRSY,Instagram,
905,ZTZUPW,TikTok,
906,BCQWXE,X,
907,TMWEJV,TikTok,
908,LKTGVI,Reddit,2025-08-10 18:07:09+00:00
909,GSKQGT,Reddit,2025-06-22 08:23:48+00:00
910,FUKKLW,Discord,2025-02-23 19:23:52+00:00
911,ADAUYC,X,2024-11-13 03:38:54+00:00
912,ULKAXD,Reddit,2025-07-16 03:26:42+00:00
913,QSRNHK,Discord,
914,WSIIVX,Reddit,
915,SLFOUQ,Discord,2025-02-16 19:27:43+00:00
916,VQUWCN,Instagram,
917,TDZHCO,Reddit,2025-09-03 00:17:58+00:00
918,QAXOGV,X,
919,ZCBJQJ,TikTok,
920,YLOAIG,Discord,
921,OXQNPJ,X,
922,VODJTC,Reddit,2025-02-06 22:01:53+00:00
923,VJCSVC,TikTok,2025-07-11 22:44:00+00:00
924,DFCRKO,Instagram,
925,PQZRYT,Instagram,
926,DDSDSW,TikTok,
927,LAEOXD,Instagram,2025-05-17 04:38:04+00:00
928,JHNDHJ,X,2025-08-03 06:11:16+00:00
929,UDPBXX,YouTube,2025-03-07 05:34:57+00:00
930,TAOBBM,X,2025-05-14 06:48:09+00:00
931,XUMSPT,Reddit,
932,TRDSCQ,Reddit,2025-01-02 10:16:34+00:00
933,GKOYXT,Discord,2025-06-17 12:20:20+00:00
934,EAQUIQ,Discord,2025-08-28 23:34:14+00:00
935,FQOBOE,Instagram,2025-09-01 06:10:01+00:00
936,ARNZHF,Discord,
937,PCNIPM,TikTok,2025-04-29 20:01:02+00:00
938,EANJCZ,Reddit,2025-04-15 02:03:16+00:00
939,DGCHKE,Reddit,
940,ESHCDX,X,2025-07-30 02:24:02+00:00
941,VDFTPM,Reddit,2024-12-06 00:24:40+00:00
942,CBMKMK,YouTube,
943,AOPCTQ,YouTube,2025-01-12 21:50:27+00:00
944,KCQFZJ,YouTube,
945,NLXLAM,Reddit,2024-10-08 06:17:58+00:00
946,ZAYMPV,Instagram,
947,VFVHEN,TikTok,2024-10-03 13:15:51+00:00
948,KDDOHL,Reddit,2025-02-15 12:49:26+00:00
949,UWYQZS,X,2024-12-17 06:59:38+00:00
950,ZILPAR,Discord,
951,PAAEOS,Instagram,
952,NUQCAV,Discord,2024-10-15 20:13:13+00:00
953,DZJPKV,Discord,
954,DJFATT,Discord,
955,JCPHSG,Instagram,
956,AMSPAZ,Discord,2025-07-13 22:08:45+00:00
957,WOMORO,Discord,
958,EPTDYW,Reddit,
959,HWAZRP,Discord,2024-09-23 15:33:01+00:00
960,LYQYBY,Instagram,
961,KDNMNB,Discord,2024-10-23 08:16:33+00:00
962,HKLAFC,Reddit,
963,ZFRYXF,X,2025-05-30 11:48:15+00:00
964,QCMVPQ,X,
965,GMYVVN,YouTube,
966,UQTQPC,TikTok,
967,JXSUBU,TikTok,2024-11-20 15:56:25+00:00
968,QBROHJ,TikTok,
969,KWUQLM,Instagram,
970,QIYULI,YouTube,2025-01-09 20:44:16+00:00
971,ASPVXD,Reddit,2025-04-30 14:54:21+00:00
972,KSLGUB,X,2025-06-18 11:22:56+00:00
973,NQJPOD,Instagram,2025-07-30 15:01:56+00:00
974,IJAPRB,Reddit,
975,OBIZQF,TikTok,2024-12-08 06:59:57+00:00
976,RSZPIP,X,
977,KELUBF,TikTok,
978,SMFMTV,Discord,2024-10-19 07:25:21+00:00
979,KVAAJO,YouTube,2025-09-13 09:23:58+00:00
980,FPTBAF,YouTube,2025-01-07 10:17:39+00:00
981,GEWGFE,X,
982,ARJUCY,X,2025-05-30 01:14:23+00:00
983,JJENUQ,Instagram,
984,BDYUEJ,X,2025-06-20 22:56:19+00:00
985,LQXTPW,X,
986,IBUWWZ,Instagram,2025-02-27 13:38:12+00:00
987,CMRBNT,Discord,
988,JNESNM,Instagram,2024-11-13 10:24:15+00:00
989,PQUQFX,Instagram,
990,KHXOYJ,Reddit,2024-11-29 06:47:44+00:00
991,THNFBN,X,2024-10-15 20:38:40+00:00
992,MKUIJE,YouTube,2025-01-18 11:33:42+00:00
993,BXHNOC,X,
994,CBAFFI,X,
995,TVEPDW,Discord,
996,XAHVUK,Instagram,
997,TARZYW,YouTube,2025-06-02 21:26:26+00:00
998,TMNUTS,Instagram,2024-11-10 17:36:58+00:00
999,CVLYKL,Reddit,2024-10-03 14:50:48+00:00
1000,DWHTMR,X,2025-04-21 04:39:05+00:00
